{
    "parent": "item/custom/energy_sword/yellow_energy_sword",
    "display": {
        "thirdperson_righthand": {
            "rotation": [ 35, 100, 0 ],
            "translation": [ -0.5, 6, 1 ],
            "scale": [ 1.3, 1.3, 1.0 ]
        },
        "thirdperson_lefthand": {
            "rotation": [ -35, 100, 0 ],
            "translation": [ 0.5, 6, 3 ],
            "scale": [ 1.3, 1.3, 1.3 ]
        },
		"firstperson_righthand": {
            "rotation": [ -25, -50, 90 ],
            "translation": [ -7, 6, 3 ],
            "scale": [ 0.86, 0.86, 0.86 ]
        },
        "firstperson_lefthand": {
            "rotation": [ -25, 130, -90 ],
            "translation": [ -7, 6, 3 ],
            "scale": [ 0.86, 0.86, 0.86 ]
        }
    }
}
