{
    "ambientocclusion": false,
    "textures": {
        "particle": "#pane"
    },
    "elements": [
        {   "from": [ 7, 7, 0 ],
            "to": [ 9, 9, 16 ],
            "faces": {
                "east":  { "uv": [  7, 7,  9,  9 ], "texture": "all" },
                "west":  { "uv": [  7, 7,  9,  9 ], "texture": "all"},
                "north":  { "uv": [  7, 7,  9,  9 ], "texture": "all"},
                "south":  { "uv": [  7, 7,  9,  9 ], "texture": "all"},
                "down":  { "uv": [  7, 7,  9,  9 ], "texture": "all"},
                "up":    { "uv": [  7, 7,  9,  9 ], "texture": "all"}
            }
        }
    ]
}
