{
	"parent": "item/handheld",
	"textures": {
		"layer0": "item/bow_standby"
	},
	"overrides": [
		{ "predicate": {"damaged": 0, "damage": 0, "pulling": 0}, "model": "item/bow_standby"},
        {
            "predicate": {
                "pulling": 1
            },
            "model": "item/bow_pulling_0"
        },
        {
            "predicate": {
                "pulling": 1,
                "pull": 0.65
            },
            "model": "item/bow_pulling_1"
        },
        {
            "predicate": {
                "pulling": 1,
                "pull": 0.9
            },
            "model": "item/bow_pulling_2"
        },
		{ "predicate": {"damaged": 0, "damage": 0.0025974025974025974}, "model": "item/custom/blaster/pistol"},
		{ "predicate": {"damaged": 0, "damage": 0.005194805194805195}, "model": "item/custom/blaster/rifle"},
		{ "predicate": {"damaged": 0, "damage": 0.007792207792207792}, "model": "item/custom/blaster/sniper"},
		{ "predicate": {"damaged": 0, "damage": 0.01038961038961039}, "model": "item/custom/blaster/autorifle"},
		{ "predicate": {"damaged": 0, "damage": 0.012987012987012988}, "model": "item/bow_standby"},
		{ "predicate": {"damaged": 1, "damage": 0, "pulling": 0}, "model": "item/bow_standby"},
        {
            "predicate": {"damaged": 1, "damage": 0,
                "pulling": 1
            },
            "model": "item/bow_pulling_0"
        },
        {
            "predicate": {"damaged": 1, "damage": 0,
                "pulling": 1,
                "pull": 0.65
            },
            "model": "item/bow_pulling_1"
        },
        {
            "predicate": {"damaged": 1, "damage": 0,
                "pulling": 1,
                "pull": 0.9
            },
            "model": "item/bow_pulling_2"
        }
	]
}