{
	"parent": "item/handheld",
	"textures": {
		"layer0": "item/bow_standby"
	},
	"overrides": [
		{ "predicate": {"damaged": 0, "damage": 0, "pulling": 0}, "model": "item/bow_standby"},
        {
            "predicate": {
                "pulling": 1
            },
            "model": "item/bow_pulling_0"
        },
        {
            "predicate": {
                "pulling": 1,
                "pull": 0.65
            },
            "model": "item/bow_pulling_1"
        },
        {
            "predicate": {
                "pulling": 1,
                "pull": 0.9
            },
            "model": "item/bow_pulling_2"
        },
		{ "predicate": {"damaged": 0, "damage": 0.0025974025974025974}, "model": "item/custom/blaster/pistol"},
		{ "predicate": {"damaged": 0, "damage": 0.005194805194805195}, "model": "item/custom/blaster/rifle"},
		{ "predicate": {"damaged": 0, "damage": 0.007792207792207792}, "model": "item/custom/blaster/sniper"},
		{ "predicate": {"damaged": 0, "damage": 0.01038961038961039}, "model": "item/custom/blaster/autorifle"},
		{ "predicate": {"damaged": 0, "damage": 0.012987012987012988}, "model": "item/bow_standby4"},
		{ "predicate": {"damaged": 0, "damage": 0.015584415584415584}, "model": "item/bow_standby5"},
		{ "predicate": {"damaged": 0, "damage": 0.01818181818181818}, "model": "item/bow_standby6"},
		{ "predicate": {"damaged": 0, "damage": 0.02077922077922078}, "model": "item/bow_standby7"},
		{ "predicate": {"damaged": 0, "damage": 0.023376623376623377}, "model": "item/bow_standby8"},
		{ "predicate": {"damaged": 0, "damage": 0.025974025974025976}, "model": "item/bow_standby9"},
		{ "predicate": {"damaged": 0, "damage": 0.02857142857142857}, "model": "item/bow_standby10"},
		{ "predicate": {"damaged": 0, "damage": 0.03116883116883117}, "model": "item/bow_standby11"},
		{ "predicate": {"damaged": 0, "damage": 0.033766233766233764}, "model": "item/bow_standby12"},
		{ "predicate": {"damaged": 0, "damage": 0.03636363636363636}, "model": "item/bow_standby13"},
		{ "predicate": {"damaged": 0, "damage": 0.03896103896103896}, "model": "item/bow_standby14"},
		{ "predicate": {"damaged": 0, "damage": 0.04155844155844156}, "model": "item/bow_standby15"},
		{ "predicate": {"damaged": 0, "damage": 0.04415584415584416}, "model": "item/bow_standby16"},
		{ "predicate": {"damaged": 0, "damage": 0.046753246753246755}, "model": "item/bow_standby17"},
		{ "predicate": {"damaged": 0, "damage": 0.04935064935064935}, "model": "item/bow_standby18"},
		{ "predicate": {"damaged": 0, "damage": 0.05194805194805195}, "model": "item/bow_standby19"},
		{ "predicate": {"damaged": 0, "damage": 0.05454545454545454}, "model": "item/bow_standby20"},
		{ "predicate": {"damaged": 0, "damage": 0.05714285714285714}, "model": "item/bow_standby21"},
		{ "predicate": {"damaged": 0, "damage": 0.05974025974025974}, "model": "item/bow_standby22"},
		{ "predicate": {"damaged": 0, "damage": 0.06233766233766234}, "model": "item/bow_standby23"},
		{ "predicate": {"damaged": 0, "damage": 0.06493506493506493}, "model": "item/bow_standby24"},
		{ "predicate": {"damaged": 0, "damage": 0.06753246753246753}, "model": "item/bow_standby25"},
		{ "predicate": {"damaged": 0, "damage": 0.07012987012987012}, "model": "item/bow_standby26"},
		{ "predicate": {"damaged": 0, "damage": 0.07272727272727272}, "model": "item/bow_standby27"},
		{ "predicate": {"damaged": 0, "damage": 0.07532467532467532}, "model": "item/bow_standby28"},
		{ "predicate": {"damaged": 0, "damage": 0.07792207792207792}, "model": "item/bow_standby29"},
		{ "predicate": {"damaged": 0, "damage": 0.08051948051948052}, "model": "item/bow_standby30"},
		{ "predicate": {"damaged": 0, "damage": 0.08311688311688311}, "model": "item/bow_standby31"},
		{ "predicate": {"damaged": 0, "damage": 0.08571428571428571}, "model": "item/bow_standby32"},
		{ "predicate": {"damaged": 0, "damage": 0.08831168831168831}, "model": "item/bow_standby33"},
		{ "predicate": {"damaged": 0, "damage": 0.09090909090909091}, "model": "item/bow_standby34"},
		{ "predicate": {"damaged": 0, "damage": 0.09350649350649351}, "model": "item/bow_standby35"},
		{ "predicate": {"damaged": 0, "damage": 0.09610389610389611}, "model": "item/bow_standby36"},
		{ "predicate": {"damaged": 0, "damage": 0.0987012987012987}, "model": "item/bow_standby37"},
		{ "predicate": {"damaged": 0, "damage": 0.1012987012987013}, "model": "item/bow_standby38"},
		{ "predicate": {"damaged": 0, "damage": 0.1038961038961039}, "model": "item/bow_standby39"},
		{ "predicate": {"damaged": 0, "damage": 0.10649350649350649}, "model": "item/bow_standby40"},
		{ "predicate": {"damaged": 0, "damage": 0.10909090909090908}, "model": "item/bow_standby41"},
		{ "predicate": {"damaged": 0, "damage": 0.11168831168831168}, "model": "item/bow_standby42"},
		{ "predicate": {"damaged": 0, "damage": 0.11428571428571428}, "model": "item/bow_standby43"},
		{ "predicate": {"damaged": 0, "damage": 0.11688311688311688}, "model": "item/bow_standby44"},
		{ "predicate": {"damaged": 0, "damage": 0.11948051948051948}, "model": "item/bow_standby45"},
		{ "predicate": {"damaged": 0, "damage": 0.12207792207792208}, "model": "item/bow_standby46"},
		{ "predicate": {"damaged": 0, "damage": 0.12467532467532467}, "model": "item/bow_standby47"},
		{ "predicate": {"damaged": 0, "damage": 0.12727272727272726}, "model": "item/bow_standby48"},
		{ "predicate": {"damaged": 0, "damage": 0.12987012987012986}, "model": "item/bow_standby49"},
		{ "predicate": {"damaged": 0, "damage": 0.13246753246753246}, "model": "item/bow_standby50"},
		{ "predicate": {"damaged": 0, "damage": 0.13506493506493505}, "model": "item/bow_standby51"},
		{ "predicate": {"damaged": 0, "damage": 0.13766233766233765}, "model": "item/bow_standby52"},
		{ "predicate": {"damaged": 0, "damage": 0.14025974025974025}, "model": "item/bow_standby53"},
		{ "predicate": {"damaged": 0, "damage": 0.14285714285714285}, "model": "item/bow_standby54"},
		{ "predicate": {"damaged": 0, "damage": 0.14545454545454545}, "model": "item/bow_standby55"},
		{ "predicate": {"damaged": 0, "damage": 0.14805194805194804}, "model": "item/bow_standby56"},
		{ "predicate": {"damaged": 0, "damage": 0.15064935064935064}, "model": "item/bow_standby57"},
		{ "predicate": {"damaged": 0, "damage": 0.15324675324675324}, "model": "item/bow_standby58"},
		{ "predicate": {"damaged": 0, "damage": 0.15584415584415584}, "model": "item/bow_standby59"},
		{ "predicate": {"damaged": 0, "damage": 0.15844155844155844}, "model": "item/bow_standby60"},
		{ "predicate": {"damaged": 0, "damage": 0.16103896103896104}, "model": "item/bow_standby61"},
		{ "predicate": {"damaged": 0, "damage": 0.16363636363636363}, "model": "item/bow_standby62"},
		{ "predicate": {"damaged": 0, "damage": 0.16623376623376623}, "model": "item/bow_standby63"},
		{ "predicate": {"damaged": 0, "damage": 0.16883116883116883}, "model": "item/bow_standby64"},
		{ "predicate": {"damaged": 0, "damage": 0.17142857142857143}, "model": "item/bow_standby65"},
		{ "predicate": {"damaged": 0, "damage": 0.17402597402597403}, "model": "item/bow_standby66"},
		{ "predicate": {"damaged": 0, "damage": 0.17662337662337663}, "model": "item/bow_standby67"},
		{ "predicate": {"damaged": 0, "damage": 0.17922077922077922}, "model": "item/bow_standby68"},
		{ "predicate": {"damaged": 0, "damage": 0.18181818181818182}, "model": "item/bow_standby69"},
		{ "predicate": {"damaged": 0, "damage": 0.18441558441558442}, "model": "item/bow_standby70"},
		{ "predicate": {"damaged": 0, "damage": 0.18701298701298702}, "model": "item/bow_standby71"},
		{ "predicate": {"damaged": 0, "damage": 0.18961038961038962}, "model": "item/bow_standby72"},
		{ "predicate": {"damaged": 0, "damage": 0.19220779220779222}, "model": "item/bow_standby73"},
		{ "predicate": {"damaged": 0, "damage": 0.19480519480519481}, "model": "item/bow_standby74"},
		{ "predicate": {"damaged": 0, "damage": 0.1974025974025974}, "model": "item/bow_standby75"},
		{ "predicate": {"damaged": 0, "damage": 0.2}, "model": "item/bow_standby76"},
		{ "predicate": {"damaged": 0, "damage": 0.2025974025974026}, "model": "item/bow_standby77"},
		{ "predicate": {"damaged": 0, "damage": 0.2051948051948052}, "model": "item/bow_standby78"},
		{ "predicate": {"damaged": 0, "damage": 0.2077922077922078}, "model": "item/bow_standby79"},
		{ "predicate": {"damaged": 0, "damage": 0.21038961038961038}, "model": "item/bow_standby80"},
		{ "predicate": {"damaged": 0, "damage": 0.21298701298701297}, "model": "item/bow_standby81"},
		{ "predicate": {"damaged": 0, "damage": 0.21558441558441557}, "model": "item/bow_standby82"},
		{ "predicate": {"damaged": 0, "damage": 0.21818181818181817}, "model": "item/bow_standby83"},
		{ "predicate": {"damaged": 0, "damage": 0.22077922077922077}, "model": "item/bow_standby84"},
		{ "predicate": {"damaged": 0, "damage": 0.22337662337662337}, "model": "item/bow_standby85"},
		{ "predicate": {"damaged": 0, "damage": 0.22597402597402596}, "model": "item/bow_standby86"},
		{ "predicate": {"damaged": 0, "damage": 0.22857142857142856}, "model": "item/bow_standby87"},
		{ "predicate": {"damaged": 0, "damage": 0.23116883116883116}, "model": "item/bow_standby88"},
		{ "predicate": {"damaged": 0, "damage": 0.23376623376623376}, "model": "item/bow_standby89"},
		{ "predicate": {"damaged": 0, "damage": 0.23636363636363636}, "model": "item/bow_standby90"},
		{ "predicate": {"damaged": 0, "damage": 0.23896103896103896}, "model": "item/bow_standby91"},
		{ "predicate": {"damaged": 0, "damage": 0.24155844155844155}, "model": "item/bow_standby92"},
		{ "predicate": {"damaged": 0, "damage": 0.24415584415584415}, "model": "item/bow_standby93"},
		{ "predicate": {"damaged": 0, "damage": 0.24675324675324675}, "model": "item/bow_standby94"},
		{ "predicate": {"damaged": 0, "damage": 0.24935064935064935}, "model": "item/bow_standby95"},
		{ "predicate": {"damaged": 0, "damage": 0.2519480519480519}, "model": "item/bow_standby96"},
		{ "predicate": {"damaged": 0, "damage": 0.2545454545454545}, "model": "item/bow_standby97"},
		{ "predicate": {"damaged": 0, "damage": 0.2571428571428571}, "model": "item/bow_standby98"},
		{ "predicate": {"damaged": 0, "damage": 0.2597402597402597}, "model": "item/bow_standby99"},
		{ "predicate": {"damaged": 0, "damage": 0.2623376623376623}, "model": "item/bow_standby100"},
		{ "predicate": {"damaged": 0, "damage": 0.2649350649350649}, "model": "item/bow_standby101"},
		{ "predicate": {"damaged": 0, "damage": 0.2675324675324675}, "model": "item/bow_standby102"},
		{ "predicate": {"damaged": 0, "damage": 0.2701298701298701}, "model": "item/bow_standby103"},
		{ "predicate": {"damaged": 0, "damage": 0.2727272727272727}, "model": "item/bow_standby104"},
		{ "predicate": {"damaged": 0, "damage": 0.2753246753246753}, "model": "item/bow_standby105"},
		{ "predicate": {"damaged": 0, "damage": 0.2779220779220779}, "model": "item/bow_standby106"},
		{ "predicate": {"damaged": 0, "damage": 0.2805194805194805}, "model": "item/bow_standby107"},
		{ "predicate": {"damaged": 0, "damage": 0.2831168831168831}, "model": "item/bow_standby108"},
		{ "predicate": {"damaged": 0, "damage": 0.2857142857142857}, "model": "item/bow_standby109"},
		{ "predicate": {"damaged": 0, "damage": 0.2883116883116883}, "model": "item/bow_standby110"},
		{ "predicate": {"damaged": 0, "damage": 0.2909090909090909}, "model": "item/bow_standby111"},
		{ "predicate": {"damaged": 0, "damage": 0.2935064935064935}, "model": "item/bow_standby112"},
		{ "predicate": {"damaged": 0, "damage": 0.2961038961038961}, "model": "item/bow_standby113"},
		{ "predicate": {"damaged": 0, "damage": 0.2987012987012987}, "model": "item/bow_standby114"},
		{ "predicate": {"damaged": 0, "damage": 0.3012987012987013}, "model": "item/bow_standby115"},
		{ "predicate": {"damaged": 0, "damage": 0.3038961038961039}, "model": "item/bow_standby116"},
		{ "predicate": {"damaged": 0, "damage": 0.3064935064935065}, "model": "item/bow_standby117"},
		{ "predicate": {"damaged": 0, "damage": 0.3090909090909091}, "model": "item/bow_standby118"},
		{ "predicate": {"damaged": 0, "damage": 0.3116883116883117}, "model": "item/bow_standby119"},
		{ "predicate": {"damaged": 0, "damage": 0.3142857142857143}, "model": "item/bow_standby120"},
		{ "predicate": {"damaged": 0, "damage": 0.3168831168831169}, "model": "item/bow_standby121"},
		{ "predicate": {"damaged": 0, "damage": 0.3194805194805195}, "model": "item/bow_standby122"},
		{ "predicate": {"damaged": 0, "damage": 0.3220779220779221}, "model": "item/bow_standby123"},
		{ "predicate": {"damaged": 0, "damage": 0.3246753246753247}, "model": "item/bow_standby124"},
		{ "predicate": {"damaged": 0, "damage": 0.32727272727272727}, "model": "item/bow_standby125"},
		{ "predicate": {"damaged": 0, "damage": 0.32987012987012987}, "model": "item/bow_standby126"},
		{ "predicate": {"damaged": 0, "damage": 0.33246753246753246}, "model": "item/bow_standby127"},
		{ "predicate": {"damaged": 0, "damage": 0.33506493506493506}, "model": "item/bow_standby128"},
		{ "predicate": {"damaged": 0, "damage": 0.33766233766233766}, "model": "item/bow_standby129"},
		{ "predicate": {"damaged": 0, "damage": 0.34025974025974026}, "model": "item/bow_standby130"},
		{ "predicate": {"damaged": 0, "damage": 0.34285714285714286}, "model": "item/bow_standby131"},
		{ "predicate": {"damaged": 0, "damage": 0.34545454545454546}, "model": "item/bow_standby132"},
		{ "predicate": {"damaged": 0, "damage": 0.34805194805194805}, "model": "item/bow_standby133"},
		{ "predicate": {"damaged": 0, "damage": 0.35064935064935065}, "model": "item/bow_standby134"},
		{ "predicate": {"damaged": 0, "damage": 0.35324675324675325}, "model": "item/bow_standby135"},
		{ "predicate": {"damaged": 0, "damage": 0.35584415584415585}, "model": "item/bow_standby136"},
		{ "predicate": {"damaged": 0, "damage": 0.35844155844155845}, "model": "item/bow_standby137"},
		{ "predicate": {"damaged": 0, "damage": 0.36103896103896105}, "model": "item/bow_standby138"},
		{ "predicate": {"damaged": 0, "damage": 0.36363636363636364}, "model": "item/bow_standby139"},
		{ "predicate": {"damaged": 0, "damage": 0.36623376623376624}, "model": "item/bow_standby140"},
		{ "predicate": {"damaged": 0, "damage": 0.36883116883116884}, "model": "item/bow_standby141"},
		{ "predicate": {"damaged": 0, "damage": 0.37142857142857144}, "model": "item/bow_standby142"},
		{ "predicate": {"damaged": 0, "damage": 0.37402597402597404}, "model": "item/bow_standby143"},
		{ "predicate": {"damaged": 0, "damage": 0.37662337662337664}, "model": "item/bow_standby144"},
		{ "predicate": {"damaged": 0, "damage": 0.37922077922077923}, "model": "item/bow_standby145"},
		{ "predicate": {"damaged": 0, "damage": 0.38181818181818183}, "model": "item/bow_standby146"},
		{ "predicate": {"damaged": 0, "damage": 0.38441558441558443}, "model": "item/bow_standby147"},
		{ "predicate": {"damaged": 0, "damage": 0.38701298701298703}, "model": "item/bow_standby148"},
		{ "predicate": {"damaged": 0, "damage": 0.38961038961038963}, "model": "item/bow_standby149"},
		{ "predicate": {"damaged": 0, "damage": 0.3922077922077922}, "model": "item/bow_standby150"},
		{ "predicate": {"damaged": 0, "damage": 0.3948051948051948}, "model": "item/bow_standby151"},
		{ "predicate": {"damaged": 0, "damage": 0.3974025974025974}, "model": "item/bow_standby152"},
		{ "predicate": {"damaged": 0, "damage": 0.4}, "model": "item/bow_standby153"},
		{ "predicate": {"damaged": 0, "damage": 0.4025974025974026}, "model": "item/bow_standby154"},
		{ "predicate": {"damaged": 0, "damage": 0.4051948051948052}, "model": "item/bow_standby155"},
		{ "predicate": {"damaged": 0, "damage": 0.4077922077922078}, "model": "item/bow_standby156"},
		{ "predicate": {"damaged": 0, "damage": 0.4103896103896104}, "model": "item/bow_standby157"},
		{ "predicate": {"damaged": 0, "damage": 0.412987012987013}, "model": "item/bow_standby158"},
		{ "predicate": {"damaged": 0, "damage": 0.4155844155844156}, "model": "item/bow_standby159"},
		{ "predicate": {"damaged": 0, "damage": 0.41818181818181815}, "model": "item/bow_standby160"},
		{ "predicate": {"damaged": 0, "damage": 0.42077922077922075}, "model": "item/bow_standby161"},
		{ "predicate": {"damaged": 0, "damage": 0.42337662337662335}, "model": "item/bow_standby162"},
		{ "predicate": {"damaged": 0, "damage": 0.42597402597402595}, "model": "item/bow_standby163"},
		{ "predicate": {"damaged": 0, "damage": 0.42857142857142854}, "model": "item/bow_standby164"},
		{ "predicate": {"damaged": 0, "damage": 0.43116883116883114}, "model": "item/bow_standby165"},
		{ "predicate": {"damaged": 0, "damage": 0.43376623376623374}, "model": "item/bow_standby166"},
		{ "predicate": {"damaged": 0, "damage": 0.43636363636363634}, "model": "item/bow_standby167"},
		{ "predicate": {"damaged": 0, "damage": 0.43896103896103894}, "model": "item/bow_standby168"},
		{ "predicate": {"damaged": 0, "damage": 0.44155844155844154}, "model": "item/bow_standby169"},
		{ "predicate": {"damaged": 0, "damage": 0.44415584415584413}, "model": "item/bow_standby170"},
		{ "predicate": {"damaged": 0, "damage": 0.44675324675324673}, "model": "item/bow_standby171"},
		{ "predicate": {"damaged": 0, "damage": 0.44935064935064933}, "model": "item/bow_standby172"},
		{ "predicate": {"damaged": 0, "damage": 0.45194805194805193}, "model": "item/bow_standby173"},
		{ "predicate": {"damaged": 0, "damage": 0.45454545454545453}, "model": "item/bow_standby174"},
		{ "predicate": {"damaged": 0, "damage": 0.45714285714285713}, "model": "item/bow_standby175"},
		{ "predicate": {"damaged": 0, "damage": 0.4597402597402597}, "model": "item/bow_standby176"},
		{ "predicate": {"damaged": 0, "damage": 0.4623376623376623}, "model": "item/bow_standby177"},
		{ "predicate": {"damaged": 0, "damage": 0.4649350649350649}, "model": "item/bow_standby178"},
		{ "predicate": {"damaged": 0, "damage": 0.4675324675324675}, "model": "item/bow_standby179"},
		{ "predicate": {"damaged": 0, "damage": 0.4701298701298701}, "model": "item/bow_standby180"},
		{ "predicate": {"damaged": 0, "damage": 0.4727272727272727}, "model": "item/bow_standby181"},
		{ "predicate": {"damaged": 0, "damage": 0.4753246753246753}, "model": "item/bow_standby182"},
		{ "predicate": {"damaged": 0, "damage": 0.4779220779220779}, "model": "item/bow_standby183"},
		{ "predicate": {"damaged": 0, "damage": 0.4805194805194805}, "model": "item/bow_standby184"},
		{ "predicate": {"damaged": 0, "damage": 0.4831168831168831}, "model": "item/bow_standby185"},
		{ "predicate": {"damaged": 0, "damage": 0.4857142857142857}, "model": "item/bow_standby186"},
		{ "predicate": {"damaged": 0, "damage": 0.4883116883116883}, "model": "item/bow_standby187"},
		{ "predicate": {"damaged": 0, "damage": 0.4909090909090909}, "model": "item/bow_standby188"},
		{ "predicate": {"damaged": 0, "damage": 0.4935064935064935}, "model": "item/bow_standby189"},
		{ "predicate": {"damaged": 0, "damage": 0.4961038961038961}, "model": "item/bow_standby190"},
		{ "predicate": {"damaged": 0, "damage": 0.4987012987012987}, "model": "item/bow_standby191"},
		{ "predicate": {"damaged": 0, "damage": 0.5012987012987012}, "model": "item/bow_standby192"},
		{ "predicate": {"damaged": 0, "damage": 0.5038961038961038}, "model": "item/bow_standby193"},
		{ "predicate": {"damaged": 0, "damage": 0.5064935064935064}, "model": "item/bow_standby194"},
		{ "predicate": {"damaged": 0, "damage": 0.509090909090909}, "model": "item/bow_standby195"},
		{ "predicate": {"damaged": 0, "damage": 0.5116883116883116}, "model": "item/bow_standby196"},
		{ "predicate": {"damaged": 0, "damage": 0.5142857142857142}, "model": "item/bow_standby197"},
		{ "predicate": {"damaged": 0, "damage": 0.5168831168831168}, "model": "item/bow_standby198"},
		{ "predicate": {"damaged": 0, "damage": 0.5194805194805194}, "model": "item/bow_standby199"},
		{ "predicate": {"damaged": 0, "damage": 0.522077922077922}, "model": "item/bow_standby200"},
		{ "predicate": {"damaged": 0, "damage": 0.5246753246753246}, "model": "item/bow_standby201"},
		{ "predicate": {"damaged": 0, "damage": 0.5272727272727272}, "model": "item/bow_standby202"},
		{ "predicate": {"damaged": 0, "damage": 0.5298701298701298}, "model": "item/bow_standby203"},
		{ "predicate": {"damaged": 0, "damage": 0.5324675324675324}, "model": "item/bow_standby204"},
		{ "predicate": {"damaged": 0, "damage": 0.535064935064935}, "model": "item/bow_standby205"},
		{ "predicate": {"damaged": 0, "damage": 0.5376623376623376}, "model": "item/bow_standby206"},
		{ "predicate": {"damaged": 0, "damage": 0.5402597402597402}, "model": "item/bow_standby207"},
		{ "predicate": {"damaged": 0, "damage": 0.5428571428571428}, "model": "item/bow_standby208"},
		{ "predicate": {"damaged": 0, "damage": 0.5454545454545454}, "model": "item/bow_standby209"},
		{ "predicate": {"damaged": 0, "damage": 0.548051948051948}, "model": "item/bow_standby210"},
		{ "predicate": {"damaged": 0, "damage": 0.5506493506493506}, "model": "item/bow_standby211"},
		{ "predicate": {"damaged": 0, "damage": 0.5532467532467532}, "model": "item/bow_standby212"},
		{ "predicate": {"damaged": 0, "damage": 0.5558441558441558}, "model": "item/bow_standby213"},
		{ "predicate": {"damaged": 0, "damage": 0.5584415584415584}, "model": "item/bow_standby214"},
		{ "predicate": {"damaged": 0, "damage": 0.561038961038961}, "model": "item/bow_standby215"},
		{ "predicate": {"damaged": 0, "damage": 0.5636363636363636}, "model": "item/bow_standby216"},
		{ "predicate": {"damaged": 0, "damage": 0.5662337662337662}, "model": "item/bow_standby217"},
		{ "predicate": {"damaged": 0, "damage": 0.5688311688311688}, "model": "item/bow_standby218"},
		{ "predicate": {"damaged": 0, "damage": 0.5714285714285714}, "model": "item/bow_standby219"},
		{ "predicate": {"damaged": 0, "damage": 0.574025974025974}, "model": "item/bow_standby220"},
		{ "predicate": {"damaged": 0, "damage": 0.5766233766233766}, "model": "item/bow_standby221"},
		{ "predicate": {"damaged": 0, "damage": 0.5792207792207792}, "model": "item/bow_standby222"},
		{ "predicate": {"damaged": 0, "damage": 0.5818181818181818}, "model": "item/bow_standby223"},
		{ "predicate": {"damaged": 0, "damage": 0.5844155844155844}, "model": "item/bow_standby224"},
		{ "predicate": {"damaged": 0, "damage": 0.587012987012987}, "model": "item/bow_standby225"},
		{ "predicate": {"damaged": 0, "damage": 0.5896103896103896}, "model": "item/bow_standby226"},
		{ "predicate": {"damaged": 0, "damage": 0.5922077922077922}, "model": "item/bow_standby227"},
		{ "predicate": {"damaged": 0, "damage": 0.5948051948051948}, "model": "item/bow_standby228"},
		{ "predicate": {"damaged": 0, "damage": 0.5974025974025974}, "model": "item/bow_standby229"},
		{ "predicate": {"damaged": 0, "damage": 0.6}, "model": "item/bow_standby230"},
		{ "predicate": {"damaged": 0, "damage": 0.6025974025974026}, "model": "item/bow_standby231"},
		{ "predicate": {"damaged": 0, "damage": 0.6051948051948052}, "model": "item/bow_standby232"},
		{ "predicate": {"damaged": 0, "damage": 0.6077922077922078}, "model": "item/bow_standby233"},
		{ "predicate": {"damaged": 0, "damage": 0.6103896103896104}, "model": "item/bow_standby234"},
		{ "predicate": {"damaged": 0, "damage": 0.612987012987013}, "model": "item/bow_standby235"},
		{ "predicate": {"damaged": 0, "damage": 0.6155844155844156}, "model": "item/bow_standby236"},
		{ "predicate": {"damaged": 0, "damage": 0.6181818181818182}, "model": "item/bow_standby237"},
		{ "predicate": {"damaged": 0, "damage": 0.6207792207792208}, "model": "item/bow_standby238"},
		{ "predicate": {"damaged": 0, "damage": 0.6233766233766234}, "model": "item/bow_standby239"},
		{ "predicate": {"damaged": 0, "damage": 0.625974025974026}, "model": "item/bow_standby240"},
		{ "predicate": {"damaged": 0, "damage": 0.6285714285714286}, "model": "item/bow_standby241"},
		{ "predicate": {"damaged": 0, "damage": 0.6311688311688312}, "model": "item/bow_standby242"},
		{ "predicate": {"damaged": 0, "damage": 0.6337662337662337}, "model": "item/bow_standby243"},
		{ "predicate": {"damaged": 0, "damage": 0.6363636363636363}, "model": "item/bow_standby244"},
		{ "predicate": {"damaged": 0, "damage": 0.638961038961039}, "model": "item/bow_standby245"},
		{ "predicate": {"damaged": 0, "damage": 0.6415584415584415}, "model": "item/bow_standby246"},
		{ "predicate": {"damaged": 0, "damage": 0.6441558441558441}, "model": "item/bow_standby247"},
		{ "predicate": {"damaged": 0, "damage": 0.6467532467532467}, "model": "item/bow_standby248"},
		{ "predicate": {"damaged": 0, "damage": 0.6493506493506493}, "model": "item/bow_standby249"},
		{ "predicate": {"damaged": 0, "damage": 0.6519480519480519}, "model": "item/bow_standby250"},
		{ "predicate": {"damaged": 0, "damage": 0.6545454545454545}, "model": "item/bow_standby251"},
		{ "predicate": {"damaged": 0, "damage": 0.6571428571428571}, "model": "item/bow_standby252"},
		{ "predicate": {"damaged": 0, "damage": 0.6597402597402597}, "model": "item/bow_standby253"},
		{ "predicate": {"damaged": 0, "damage": 0.6623376623376623}, "model": "item/bow_standby254"},
		{ "predicate": {"damaged": 0, "damage": 0.6649350649350649}, "model": "item/bow_standby255"},
		{ "predicate": {"damaged": 0, "damage": 0.6675324675324675}, "model": "item/bow_standby256"},
		{ "predicate": {"damaged": 0, "damage": 0.6701298701298701}, "model": "item/bow_standby257"},
		{ "predicate": {"damaged": 0, "damage": 0.6727272727272727}, "model": "item/bow_standby258"},
		{ "predicate": {"damaged": 0, "damage": 0.6753246753246753}, "model": "item/bow_standby259"},
		{ "predicate": {"damaged": 0, "damage": 0.6779220779220779}, "model": "item/bow_standby260"},
		{ "predicate": {"damaged": 0, "damage": 0.6805194805194805}, "model": "item/bow_standby261"},
		{ "predicate": {"damaged": 0, "damage": 0.6831168831168831}, "model": "item/bow_standby262"},
		{ "predicate": {"damaged": 0, "damage": 0.6857142857142857}, "model": "item/bow_standby263"},
		{ "predicate": {"damaged": 0, "damage": 0.6883116883116883}, "model": "item/bow_standby264"},
		{ "predicate": {"damaged": 0, "damage": 0.6909090909090909}, "model": "item/bow_standby265"},
		{ "predicate": {"damaged": 0, "damage": 0.6935064935064935}, "model": "item/bow_standby266"},
		{ "predicate": {"damaged": 0, "damage": 0.6961038961038961}, "model": "item/bow_standby267"},
		{ "predicate": {"damaged": 0, "damage": 0.6987012987012987}, "model": "item/bow_standby268"},
		{ "predicate": {"damaged": 0, "damage": 0.7012987012987013}, "model": "item/bow_standby269"},
		{ "predicate": {"damaged": 0, "damage": 0.7038961038961039}, "model": "item/bow_standby270"},
		{ "predicate": {"damaged": 0, "damage": 0.7064935064935065}, "model": "item/bow_standby271"},
		{ "predicate": {"damaged": 0, "damage": 0.7090909090909091}, "model": "item/bow_standby272"},
		{ "predicate": {"damaged": 0, "damage": 0.7116883116883117}, "model": "item/bow_standby273"},
		{ "predicate": {"damaged": 0, "damage": 0.7142857142857143}, "model": "item/bow_standby274"},
		{ "predicate": {"damaged": 0, "damage": 0.7168831168831169}, "model": "item/bow_standby275"},
		{ "predicate": {"damaged": 0, "damage": 0.7194805194805195}, "model": "item/bow_standby276"},
		{ "predicate": {"damaged": 0, "damage": 0.7220779220779221}, "model": "item/bow_standby277"},
		{ "predicate": {"damaged": 0, "damage": 0.7246753246753247}, "model": "item/bow_standby278"},
		{ "predicate": {"damaged": 0, "damage": 0.7272727272727273}, "model": "item/bow_standby279"},
		{ "predicate": {"damaged": 0, "damage": 0.7298701298701299}, "model": "item/bow_standby280"},
		{ "predicate": {"damaged": 0, "damage": 0.7324675324675325}, "model": "item/bow_standby281"},
		{ "predicate": {"damaged": 0, "damage": 0.7350649350649351}, "model": "item/bow_standby282"},
		{ "predicate": {"damaged": 0, "damage": 0.7376623376623377}, "model": "item/bow_standby283"},
		{ "predicate": {"damaged": 0, "damage": 0.7402597402597403}, "model": "item/bow_standby284"},
		{ "predicate": {"damaged": 0, "damage": 0.7428571428571429}, "model": "item/bow_standby285"},
		{ "predicate": {"damaged": 0, "damage": 0.7454545454545455}, "model": "item/bow_standby286"},
		{ "predicate": {"damaged": 0, "damage": 0.7480519480519481}, "model": "item/bow_standby287"},
		{ "predicate": {"damaged": 0, "damage": 0.7506493506493507}, "model": "item/bow_standby288"},
		{ "predicate": {"damaged": 0, "damage": 0.7532467532467533}, "model": "item/bow_standby289"},
		{ "predicate": {"damaged": 0, "damage": 0.7558441558441559}, "model": "item/bow_standby290"},
		{ "predicate": {"damaged": 0, "damage": 0.7584415584415585}, "model": "item/bow_standby291"},
		{ "predicate": {"damaged": 0, "damage": 0.7610389610389611}, "model": "item/bow_standby292"},
		{ "predicate": {"damaged": 0, "damage": 0.7636363636363637}, "model": "item/bow_standby293"},
		{ "predicate": {"damaged": 0, "damage": 0.7662337662337663}, "model": "item/bow_standby294"},
		{ "predicate": {"damaged": 0, "damage": 0.7688311688311689}, "model": "item/bow_standby295"},
		{ "predicate": {"damaged": 0, "damage": 0.7714285714285715}, "model": "item/bow_standby296"},
		{ "predicate": {"damaged": 0, "damage": 0.7740259740259741}, "model": "item/bow_standby297"},
		{ "predicate": {"damaged": 0, "damage": 0.7766233766233767}, "model": "item/bow_standby298"},
		{ "predicate": {"damaged": 0, "damage": 0.7792207792207793}, "model": "item/bow_standby299"},
		{ "predicate": {"damaged": 0, "damage": 0.7818181818181819}, "model": "item/bow_standby300"},
		{ "predicate": {"damaged": 0, "damage": 0.7844155844155844}, "model": "item/bow_standby301"},
		{ "predicate": {"damaged": 0, "damage": 0.787012987012987}, "model": "item/bow_standby302"},
		{ "predicate": {"damaged": 0, "damage": 0.7896103896103896}, "model": "item/bow_standby303"},
		{ "predicate": {"damaged": 0, "damage": 0.7922077922077922}, "model": "item/bow_standby304"},
		{ "predicate": {"damaged": 0, "damage": 0.7948051948051948}, "model": "item/bow_standby305"},
		{ "predicate": {"damaged": 0, "damage": 0.7974025974025974}, "model": "item/bow_standby306"},
		{ "predicate": {"damaged": 0, "damage": 0.8}, "model": "item/bow_standby307"},
		{ "predicate": {"damaged": 0, "damage": 0.8025974025974026}, "model": "item/bow_standby308"},
		{ "predicate": {"damaged": 0, "damage": 0.8051948051948052}, "model": "item/bow_standby309"},
		{ "predicate": {"damaged": 0, "damage": 0.8077922077922078}, "model": "item/bow_standby310"},
		{ "predicate": {"damaged": 0, "damage": 0.8103896103896104}, "model": "item/bow_standby311"},
		{ "predicate": {"damaged": 0, "damage": 0.812987012987013}, "model": "item/bow_standby312"},
		{ "predicate": {"damaged": 0, "damage": 0.8155844155844156}, "model": "item/bow_standby313"},
		{ "predicate": {"damaged": 0, "damage": 0.8181818181818182}, "model": "item/bow_standby314"},
		{ "predicate": {"damaged": 0, "damage": 0.8207792207792208}, "model": "item/bow_standby315"},
		{ "predicate": {"damaged": 0, "damage": 0.8233766233766234}, "model": "item/bow_standby316"},
		{ "predicate": {"damaged": 0, "damage": 0.825974025974026}, "model": "item/bow_standby317"},
		{ "predicate": {"damaged": 0, "damage": 0.8285714285714286}, "model": "item/bow_standby318"},
		{ "predicate": {"damaged": 0, "damage": 0.8311688311688312}, "model": "item/bow_standby319"},
		{ "predicate": {"damaged": 0, "damage": 0.8337662337662337}, "model": "item/bow_standby320"},
		{ "predicate": {"damaged": 0, "damage": 0.8363636363636363}, "model": "item/bow_standby321"},
		{ "predicate": {"damaged": 0, "damage": 0.8389610389610389}, "model": "item/bow_standby322"},
		{ "predicate": {"damaged": 0, "damage": 0.8415584415584415}, "model": "item/bow_standby323"},
		{ "predicate": {"damaged": 0, "damage": 0.8441558441558441}, "model": "item/bow_standby324"},
		{ "predicate": {"damaged": 0, "damage": 0.8467532467532467}, "model": "item/bow_standby325"},
		{ "predicate": {"damaged": 0, "damage": 0.8493506493506493}, "model": "item/bow_standby326"},
		{ "predicate": {"damaged": 0, "damage": 0.8519480519480519}, "model": "item/bow_standby327"},
		{ "predicate": {"damaged": 0, "damage": 0.8545454545454545}, "model": "item/bow_standby328"},
		{ "predicate": {"damaged": 0, "damage": 0.8571428571428571}, "model": "item/bow_standby329"},
		{ "predicate": {"damaged": 0, "damage": 0.8597402597402597}, "model": "item/bow_standby330"},
		{ "predicate": {"damaged": 0, "damage": 0.8623376623376623}, "model": "item/bow_standby331"},
		{ "predicate": {"damaged": 0, "damage": 0.8649350649350649}, "model": "item/bow_standby332"},
		{ "predicate": {"damaged": 0, "damage": 0.8675324675324675}, "model": "item/bow_standby333"},
		{ "predicate": {"damaged": 0, "damage": 0.8701298701298701}, "model": "item/bow_standby334"},
		{ "predicate": {"damaged": 0, "damage": 0.8727272727272727}, "model": "item/bow_standby335"},
		{ "predicate": {"damaged": 0, "damage": 0.8753246753246753}, "model": "item/bow_standby336"},
		{ "predicate": {"damaged": 0, "damage": 0.8779220779220779}, "model": "item/bow_standby337"},
		{ "predicate": {"damaged": 0, "damage": 0.8805194805194805}, "model": "item/bow_standby338"},
		{ "predicate": {"damaged": 0, "damage": 0.8831168831168831}, "model": "item/bow_standby339"},
		{ "predicate": {"damaged": 0, "damage": 0.8857142857142857}, "model": "item/bow_standby340"},
		{ "predicate": {"damaged": 0, "damage": 0.8883116883116883}, "model": "item/bow_standby341"},
		{ "predicate": {"damaged": 0, "damage": 0.8909090909090909}, "model": "item/bow_standby342"},
		{ "predicate": {"damaged": 0, "damage": 0.8935064935064935}, "model": "item/bow_standby343"},
		{ "predicate": {"damaged": 0, "damage": 0.8961038961038961}, "model": "item/bow_standby344"},
		{ "predicate": {"damaged": 0, "damage": 0.8987012987012987}, "model": "item/bow_standby345"},
		{ "predicate": {"damaged": 0, "damage": 0.9012987012987013}, "model": "item/bow_standby346"},
		{ "predicate": {"damaged": 0, "damage": 0.9038961038961039}, "model": "item/bow_standby347"},
		{ "predicate": {"damaged": 0, "damage": 0.9064935064935065}, "model": "item/bow_standby348"},
		{ "predicate": {"damaged": 0, "damage": 0.9090909090909091}, "model": "item/bow_standby349"},
		{ "predicate": {"damaged": 0, "damage": 0.9116883116883117}, "model": "item/bow_standby350"},
		{ "predicate": {"damaged": 0, "damage": 0.9142857142857143}, "model": "item/bow_standby351"},
		{ "predicate": {"damaged": 0, "damage": 0.9168831168831168}, "model": "item/bow_standby352"},
		{ "predicate": {"damaged": 0, "damage": 0.9194805194805194}, "model": "item/bow_standby353"},
		{ "predicate": {"damaged": 0, "damage": 0.922077922077922}, "model": "item/bow_standby354"},
		{ "predicate": {"damaged": 0, "damage": 0.9246753246753246}, "model": "item/bow_standby355"},
		{ "predicate": {"damaged": 0, "damage": 0.9272727272727272}, "model": "item/bow_standby356"},
		{ "predicate": {"damaged": 0, "damage": 0.9298701298701298}, "model": "item/bow_standby357"},
		{ "predicate": {"damaged": 0, "damage": 0.9324675324675324}, "model": "item/bow_standby358"},
		{ "predicate": {"damaged": 0, "damage": 0.935064935064935}, "model": "item/bow_standby359"},
		{ "predicate": {"damaged": 0, "damage": 0.9376623376623376}, "model": "item/bow_standby360"},
		{ "predicate": {"damaged": 0, "damage": 0.9402597402597402}, "model": "item/bow_standby361"},
		{ "predicate": {"damaged": 0, "damage": 0.9428571428571428}, "model": "item/bow_standby362"},
		{ "predicate": {"damaged": 0, "damage": 0.9454545454545454}, "model": "item/bow_standby363"},
		{ "predicate": {"damaged": 0, "damage": 0.948051948051948}, "model": "item/bow_standby364"},
		{ "predicate": {"damaged": 0, "damage": 0.9506493506493506}, "model": "item/bow_standby365"},
		{ "predicate": {"damaged": 0, "damage": 0.9532467532467532}, "model": "item/bow_standby366"},
		{ "predicate": {"damaged": 0, "damage": 0.9558441558441558}, "model": "item/bow_standby367"},
		{ "predicate": {"damaged": 0, "damage": 0.9584415584415584}, "model": "item/bow_standby368"},
		{ "predicate": {"damaged": 0, "damage": 0.961038961038961}, "model": "item/bow_standby369"},
		{ "predicate": {"damaged": 0, "damage": 0.9636363636363636}, "model": "item/bow_standby370"},
		{ "predicate": {"damaged": 0, "damage": 0.9662337662337662}, "model": "item/bow_standby371"},
		{ "predicate": {"damaged": 0, "damage": 0.9688311688311688}, "model": "item/bow_standby372"},
		{ "predicate": {"damaged": 0, "damage": 0.9714285714285714}, "model": "item/bow_standby373"},
		{ "predicate": {"damaged": 0, "damage": 0.974025974025974}, "model": "item/bow_standby374"},
		{ "predicate": {"damaged": 0, "damage": 0.9766233766233766}, "model": "item/bow_standby375"},
		{ "predicate": {"damaged": 0, "damage": 0.9792207792207792}, "model": "item/bow_standby376"},
		{ "predicate": {"damaged": 0, "damage": 0.9818181818181818}, "model": "item/bow_standby377"},
		{ "predicate": {"damaged": 0, "damage": 0.9844155844155844}, "model": "item/bow_standby378"},
		{ "predicate": {"damaged": 0, "damage": 0.987012987012987}, "model": "item/bow_standby379"},
		{ "predicate": {"damaged": 0, "damage": 0.9896103896103896}, "model": "item/bow_standby380"},
		{ "predicate": {"damaged": 0, "damage": 0.9922077922077922}, "model": "item/bow_standby381"},
		{ "predicate": {"damaged": 0, "damage": 0.9948051948051948}, "model": "item/bow_standby382"},
		{ "predicate": {"damaged": 0, "damage": 0.9974025974025974}, "model": "item/bow_standby383"},
		{ "predicate": {"damaged": 1, "damage": 0, "pulling": 0}, "model": "item/bow_standby"},
        {
            "predicate": {"damaged": 1, "damage": 0,
                "pulling": 1
            },
            "model": "item/bow_pulling_0"
        },
        {
            "predicate": {"damaged": 1, "damage": 0,
                "pulling": 1,
                "pull": 0.65
            },
            "model": "item/bow_pulling_1"
        },
        {
            "predicate": {"damaged": 1, "damage": 0,
                "pulling": 1,
                "pull": 0.9
            },
            "model": "item/bow_pulling_2"
        }
	]
}